<?xml version="1.0" encoding="UTF-8"?>
<!--
 Licensed to the Hipparchus project under one or more
 contributor license agreements.  See the NOTICE file distributed with
 this work for additional information regarding copyright ownership.
 The Hipparchus project licenses this file to You under the Apache License, Version 2.0
 (the "License"); you may not use this file except in compliance with
 the License.  You may obtain a copy of the License at

      https://www.apache.org/licenses/LICENSE-2.0

 Unless required by applicable law or agreed to in writing, software
 distributed under the License is distributed on an "AS IS" BASIS,
 WITHOUT WARRANTIES OR CONDITIONS OF ANY KIND, either express or implied.
 See the License for the specific language governing permissions and
 limitations under the License.
-->
<project name="Hipparchus::Clustering">
  <publishDate position="bottom" format="yyyy-MM-dd"/>
  <version position="bottom"/>

  <skin>
    <groupId>io.github.olamy.maven.skins</groupId>
    <artifactId>reflow-maven-skin</artifactId>
    <version>2.0.0</version>
  </skin>
  <custom>
    <reflowSkin>
      <theme>default</theme>
      <localResources>false</localResources>
      <absoluteResourceURL>https://www.hipparchus.org/</absoluteResourceURL>
      <highlightJs>true</highlightJs>
      <brand>
        <name><![CDATA[<img src="../images/logo-hipparchus-blue.png" style="width:63px;height:40px;"/> ${project.name}]]></name>
        <href>index.html</href>
      </brand>
      <titleTemplate>%2$s | %1$s</titleTemplate>
      <toc>top</toc>
      <topNav>Hipparchus|User Guide|Modules|Reports</topNav>
      <bottomNav>
        <column>License</column>
        <column>Resources</column>
      </bottomNav>
      <endContent>
       <script src="https://cdn.jsdelivr.net/npm/mathjax@3/es5/tex-mml-chtml.js" id="MathJax-script"></script>
     </endContent>
     <pages>
        <license>
          <highlightJs>false</highlightJs>
          <body/>
          </license>
        <rat-report>
          <highlightJs>false</highlightJs>
          <body/>
        </rat-report>
     </pages>
    </reflowSkin>
  </custom>

  <body>

    <menu name="Hipparchus">
      <item name="Overview"                      href="../index.html"/>
      <item name="Building"                      href="../building.html"/>
      <item name="Downloads"                     href="../downloads.html"/>
      <item name="Forum"                         href="../forum.html"/>
      <item name="Latest API docs (development)" href="../apidocs/index.html"/>
      <item name="1.0 API docs"                  href="https://hipparchus.org/apidocs-1.0/index.html"/>
      <item name="1.1 API docs"                  href="https://hipparchus.org/apidocs-1.1/index.html"/>
      <item name="1.2 API docs"                  href="https://hipparchus.org/apidocs-1.2/index.html"/>
      <item name="1.3 API docs"                  href="https://hipparchus.org/apidocs-1.3/index.html"/>
      <item name="1.4 API docs"                  href="https://hipparchus.org/apidocs-1.4/index.html"/>
      <item name="1.5 API docs"                  href="https://hipparchus.org/apidocs-1.5/index.html"/>
      <item name="1.6 API docs"                  href="https://hipparchus.org/apidocs-1.6/index.html"/>
      <item name="1.7 API docs"                  href="https://hipparchus.org/apidocs-1.7/index.html"/>
      <item name="1.8 API docs"                  href="https://hipparchus.org/apidocs-1.8/index.html"/>
      <item name="2.0 API docs"                  href="https://hipparchus.org/apidocs-2.0/index.html"/>
      <item name="2.1 API docs"                  href="https://hipparchus.org/apidocs-2.1/index.html"/>
      <item name="2.2 API docs"                  href="https://hipparchus.org/apidocs-2.2/index.html"/>
      <item name="2.3 API docs"                  href="https://hipparchus.org/apidocs-2.3/index.html"/>
      <item name="3.0 API docs"                  href="https://hipparchus.org/apidocs-3.0/index.html"/>
      <item name="Source Repository (current)"   href="https://github.com/Hipparchus-Math/hipparchus"/>
      <item name="Global Coverage"               href="../hipparchus-coverage/jacoco-aggregate/index.html"/>
      <item name="Developers Guide"              href="../developers.html"/>
      <item name="User Guide"                    href="../user-guide.html" />
    </menu>

    <menu name="Modules">
        <item name="Hipparchus::Core"                             href="../hipparchus-core/index.html" />
        <item name="Hipparchus::Statistics"                       href="../hipparchus-stat/index.html" />
        <item name="Hipparchus::Computational Geometry"           href="../hipparchus-geometry/index.html" />
        <item name="Hipparchus::Ordinary Differential Equations"  href="../hipparchus-ode/index.html" />
        <item name="Hipparchus::Optimization"                     href="../hipparchus-optim/index.html" />
        <item name="Hipparchus::Fitting"                          href="../hipparchus-fitting/index.html" />
        <item name="Hipparchus::Fast Fourier Transforms"          href="../hipparchus-fft/index.html" />
        <item name="Hipparchus::Cluster Algorithms"               href="../hipparchus-clustering/index.html" />
        <item name="Hipparchus::Filtering"                        href="../hipparchus-filtering/index.html" />
        <item name="Hipparchus::Migration Code "                  href="../hipparchus-migration/index.html" />
        <item name="Hipparchus::Samples"                          href="../hipparchus-samples/index.html" />
    </menu>

    <menu name="Reports" ref="reports"/>

    <menu name ="License">
      <item name="License" href="../license.html"/>
    </menu>

    <menu name ="Resources">
      <item name="GitHub repository" href="https://github.com/Hipparchus-Math/hipparchus"/>
      <item name="Users forum" href="https://forum.orekit.org/c/hipparchus-usage"/>
      <item name="Developers forum" href="https://forum.orekit.org/c/hipparchus-development"/>
    </menu>

  </body>

</project>
