<?xml version="1.0"?>
<!--
   Licensed to the Apache Software Foundation (ASF) under one or more
   contributor license agreements.  See the NOTICE file distributed with
   this work for additional information regarding copyright ownership.
   The ASF licenses this file to You under the Apache License, Version 2.0
   (the "License"); you may not use this file except in compliance with
   the License.  You may obtain a copy of the License at

       https://www.apache.org/licenses/LICENSE-2.0

   Unless required by applicable law or agreed to in writing, software
   distributed under the License is distributed on an "AS IS" BASIS,
   WITHOUT WARRANTIES OR CONDITIONS OF ANY KIND, either express or implied.
   See the License for the specific language governing permissions and
   limitations under the License.
-->

<!--
   This is not the original file distributed by the Apache Software Foundation
   It has been modified by the Hipparchus project
-->

<!--
  This file contains some false positive bugs detected by findbugs. Their
  false positive nature has been analyzed individually and they have been
  put here to instruct findbugs it must ignore them.
-->
<FindBugsFilter>

  <!-- The equals method for RealVector intentionally throws an exception -->
  <Match>
    <Class name="org.hipparchus.clustering.DoublePoint"/>
    <Method name="&lt;init>" params="double[]" returns="void" />
    <Bug pattern="EI_EXPOSE_REP2" />
  </Match>
  <Match>
    <Class name="org.hipparchus.clustering.DoublePoint"/>      
    <Method name="getPoint" params="" returns="double[]" />
    <Bug pattern="EI_EXPOSE_REP" />
  </Match>

  <!-- the following are considered false positive, they correspond to regular object oriented design
       SpotBugs has just become too stringent (see https://github.com/spotbugs/spotbugs/issues/1601,
       https://github.com/spotbugs/spotbugs/issues/1771, https://github.com/spotbugs/spotbugs/issues/2083,
       https://github.com/spotbugs/spotbugs/issues/2344, https://github.com/spotbugs/spotbugs/issues/2356,
       https://github.com/spotbugs/spotbugs-gradle-plugin/issues/731)
  -->
  <Match>
    <Class name="org.hipparchus.clustering.Cluster"/>
    <Method name="getPoints"/>
    <Bug pattern="EI_EXPOSE_REP" />
  </Match>
  <Match>
    <Class name="org.hipparchus.clustering.FuzzyKMeansClusterer"/>
    <Or>
      <Method name="cluster"/>
      <Method name="getClusters"/>
      <Method name="getRandomGenerator"/>
    </Or>
    <Bug pattern="EI_EXPOSE_REP" />
  </Match>
  <Match>
    <Class name="org.hipparchus.clustering.KMeansPlusPlusClusterer"/>
    <Method name="getRandomGenerator"/>
    <Bug pattern="EI_EXPOSE_REP" />
  </Match>
  <Match>
    <Or>
      <Class name="org.hipparchus.clustering.FuzzyKMeansClusterer"/>
      <Class name="org.hipparchus.clustering.KMeansPlusPlusClusterer"/>
    </Or>
    <Method name="&lt;init>"/>
    <Bug pattern="EI_EXPOSE_REP2" />
  </Match>

</FindBugsFilter>
