<?xml version="1.0"?>
<!--
 Licensed to the Hipparchus project under one or more
 contributor license agreements.  See the NOTICE file distributed with
 this work for additional information regarding copyright ownership.
 The Hipparchus project licenses this file to You under the Apache License, Version 2.0
 (the "License"); you may not use this file except in compliance with
 the License.  You may obtain a copy of the License at

      https://www.apache.org/licenses/LICENSE-2.0

 Unless required by applicable law or agreed to in writing, software
 distributed under the License is distributed on an "AS IS" BASIS,
 WITHOUT WARRANTIES OR CONDITIONS OF ANY KIND, either express or implied.
 See the License for the specific language governing permissions and
 limitations under the License.
-->
<!--
This file is used by the maven-changes-plugin to generate the release notes.
Useful ways of finding items to add to this file are:

1.  Add items when you fix a bug or add a feature (this makes the
release process easy :-).

2.  Do a JIRA search for tickets closed since the previous release.

3.  Use the report generated by the maven-changelog-plugin to see all
SVN commits.

To generate the file RELEASE-NOTES.txt from this file:

mvn changes:announcement-generate -Prelease-notes [-Dchanges.version]

The <action> type attribute can be add,update,fix,remove.
-->

<!-- NOTE:
The description attribute entries below are specially formatted 
so as to improve the layout of the generated text release notes.

The parsing process removes all line feeds, replacing them with a single space.
The Velocity template in src/changes/release-notes.vm has been enhanced to replace pairs of adjacent spaces
with a new-line in the release notes. (These spaces are ignored when displaying HTML).
If the output is not quite correct, check for invisible trailing spaces!
-->

<document>
  <properties>
    <title>Hipparchus Clustering Release Notes</title>
  </properties>
  <body>
    <release version="3.0" date="2023-10-08" description="This is a major release.">
      <action dev="bryan" type="update">
        No changes directly in this module. However, lower level Hipparchus modules did change,
        hence a new release was needed.
      </action>
    </release>
    <release version="2.3" date="2022-10-05" description="This is a maintenance release.">
      <action dev="luc" type="update">
        No changes directly in this module. However, lower level Hipparchus modules did change,
        hence a new release was needed.
      </action>
    </release>
    <release version="2.2" date="2022-08-10" description="This is a maintenance release.">
      <action dev="luc" type="update">
        No changes directly in this module. However, lower level Hipparchus modules did change,
        hence a new release was needed.
      </action>
    </release>
    <release version="2.1" date="2022-04-24" description="This is a maintenance release.">
      <action dev="luc" type="update">
        No changes directly in this module. However, lower level Hipparchus modules did change,
        hence a new release was needed.
      </action>
    </release>
    <release version="2.0" date="2021-08-07" description="This is a major release.">
      <action dev="luc" type="update">
        No changes directly in this module. However, lower level Hipparchus modules did change,
        hence a new release was needed.
      </action>
    </release>
    <release version="1.8" date="2020-12-05" description="This is a maintenance release.">
      <action dev="luc" type="update">
        No changes directly in this module. However, lower level Hipparchus modules did change,
        hence a new release was needed.
      </action>
    </release>
    <release version="1.7" date="2020-06-23" description="This is a maintenance release.">
      <action dev="luc" type="update">
        No changes directly in this module. However, lower level Hipparchus modules did change,
        hence a new release was needed.
      </action>
    </release>
    <release version="1.6" date="2019-11-01" description="This is a maintenance release.">
      <action dev="luc" type="update">
        No changes directly in this module. However, lower level Hipparchus modules did change,
        hence a new release was needed.
      </action>
    </release>
    <release version="1.5" date="2019-05-06" description="This is a maintenance release.">
      <action dev="luc" type="update">
        No changes directly in this module. However, lower level Hipparchus modules did change,
        hence a new release was needed.
      </action>
    </release>
    <release version="1.4" date="2018-11-17" description="This is a maintenance release.">
      <action dev="luc" type="update">
        No changes directly in this module. However, lower level Hipparchus modules did change,
        hence a new release was needed.
      </action>
    </release>
    <release version="1.3" date="2018-05-08" description="This is a maintenance release.">
      <action dev="luc" type="update">
        No changes directly in this module. However, lower level Hipparchus modules did change,
        hence a new release was needed.
      </action>
    </release>
    <release version="1.2" date="2017-10-25" description="This is a maintenance release.">
      <action dev="luc" type="update">
        No changes directly in this module. However, lower level Hipparchus modules did change,
        hence a new release was needed.
      </action>
    </release>
    <release version="1.1" date="2017-03-16" description="This is a maintenance release.">
      <action dev="luc" type="update">
        No changes directly in this module. However, lower level Hipparchus modules did change,
        hence a new release was needed.
      </action>
    </release>
    <release version="1.0" date="2016-06-23" description="This is the first release of the library">
      <action dev="tn" type="update">
        Modularized the library.
      </action>
    </release>
  </body>
</document>
